{"word":[{"name":"Player 1","word":"fake","score":36},{"name":"Player 2","word":"miaou","score":18},{"name":"Player 1","word":"sai*","score":9},{"name":"Player 2","word":"adz","score":26},{"name":"Player 1","word":"hokum","score":45},{"name":"Player 2","word":"calx","score":26},{"name":"Player 1","word":"at","score":6},{"name":"Player 2","word":"cave","score":18},{"name":"Player 1","word":"at","score":6},{"name":"Player 2","word":"echo","score":18}],"game":[{"name":"Player 2","score":0},{"name":"Player 2","score":26},{"name":"Player 2","score":26},{"name":"Player 2","score":18},{"name":"Player 2","score":18}]}